menu,category
가구,소파
,침대
,책상
,주방가구
,학생/서재가구
,수납가구
,테이블
,의자/스툴
,유아동가구
패브릭,침구
,커튼/블라인드
,카페트/러그
,쿠션/방석
,홈패브릭
,주방패브릭
,공예/취미
,유아용패브릭
홈데코/조명,조명
,시계
,플라워/식물
,홈겔러리
,월데코/장식
,캔들/디퓨져
,장식소품
,데스크/디자인문구
,크리스마스
가전,주방가전
,생활가전
,청소가전
,이미용가전
,음향/영상가전
,계절가전
,렌탈
수납/정리,수납장/서랍장
,리빙박스/수납함
,바구니/바스켓
,행거
,선반
,옷것이/옷정리
,화장대/테이블정리
,현관/신발정리
생활,욕실용품
,수건/타월
,청소용품
,세탁용품
,생필품
,생활잡화
주방,그릇/홈세트
,국내도자기그릇
,수저/커트러리
,컵/잔/텀블러
,냄비/프라이팬
,조리도구/도마
,칼/커팅기구
,주방수납/정리
,식기건조대
,보관/용기/도시락
,주방잡화
,커피용품/베이킹
,수입주방용품
DIY/공구,페인트/부자재
,벽지/시트지
,바닥재
,타일/파벽돌
,목재
,공구
,몰딩/걸레받이
,가구부속품
,손잡이/방문/유리
,접착제/보수용품
,수도/전기
인테리어시공,디자이너키친
,주방
,종합시공
,중문/도어
,욕실
,창호/폴딩도어
,빌트인수납
,철거/홈케어
,페인트
,마루
반려동물,강아지 리빙
,강아지 외출
,강아지 위생/배변
,강아지 미용/목욕
,강아지 장난감
,강아지 패션
,강아지 푸드
,고양이 리빙
,고양이 위생/배변
,고양이 미용/목욕
,고양이 장난감
,고양이 패션/외출
,고양이 푸드
,관상어
캠핑용품,캠핑가구
,캠핑주방용품
,캠핑생활용품